{
  "accents": [
    [
      255,
      38,
      84,
      0.00015335648148148148
    ]
  ],
  "darks": [
    [
      1,
      1,
      1,
      0.008021315586419752
    ]
  ],
  "lights": [
    [
      255,
      255,
      255,
      0.9864385609567902
    ]
  ]
}